{
    "robot_root_name": "pelvis",
    "human_root_name": "Hips",
    "ground_height": 0.0,
    "human_height_assumption": 1.75,
    "use_ik_match_table1": true,
    "use_ik_match_table2": true,
    "human_scale_table": {
        "Hips": 1.0,
        "Spine2": 1.0,
        "LeftUpLeg": 1.0,
        "RightUpLeg": 1.0,
        "LeftLeg": 1.0,
        "RightLeg": 1.0,
        "LeftFootMod": 1.0,
        "RightFootMod": 1.0,
        "LeftArm": 0.7,
        "RightArm": 0.7,
        "LeftForeArm": 0.7,
        "RightForeArm": 0.7,
        "LeftHand": 0.7,
        "RightHand": 0.7
    },
    "ik_match_table1": {
        "pelvis": [
            "Hips",
            0,
            10,
            [0.0, 0.0, 0.0],
            [0.5, 0.5, 0.5, 0.5]
        ],
        "left_hip_roll_link": [
            "LeftUpLeg",
            0,
            10,
            [0.0, 0.0, 0.0],
            [0.67441889, -0.67441889, -0.21250685, 0.21250685]
        ],
        "left_knee_link": [
            "LeftLeg",
            0,
            10,
            [0.0, 0.0, 0.0],
            [0.5, -0.5, -0.5, 0.5]
        ],
        "left_ankle_roll_link": [
            "LeftFootMod",
            50,
            10,
            [0.0, 0.0, 0.0],
            [0.67059768, -0.67059768, 0.22427384, -0.22427384]
        ],
        "right_hip_roll_link": [
            "RightUpLeg",
            0,
            10,
            [0.0, 0.0, 0.0],
            [0.67441889, -0.67441889, -0.21250685, 0.21250685]
        ],
        "right_knee_link": [
            "RightLeg",
            0,
            10,
            [0.0, 0.0, 0.0],
            [0.5, -0.5, -0.5, 0.5]
        ],
        "right_ankle_roll_link": [
            "RightFootMod",
            50,
            10,
            [0.0, 0.0, 0.0],
            [0.67059768, -0.67059768, 0.22427384, -0.22427384]
        ],
        "waist_pitch_link": [
            "Spine2",
            0,
            100,
            [0.0, 0.0, 0.0],
            [0.5, 0.5, 0.5, 0.5]
        ],
        "left_shoulder_yaw_link": [
            "LeftArm",
            0,
            100,
            [0.0, 0.0, 0.0],
            [0.47816703, 0.50520641, -0.49379647, -0.52181207]
        ],
        "left_elbow_link": [
            "LeftForeArm",
            0,
            10,
            [0.0, 0.0, 0.0],
            [0.54684994, 0.52129758, -0.44832949, -0.4777077]
        ],
        "left_wrist_pitch_link": [
            "LeftHand",
            0,
            10,
            [0.0, 0.0, 0.0],
            [0.50569437, 0.47767881, -0.4942845, -0.52132426]
        ],
        "right_shoulder_yaw_link": [
            "RightArm",
            0,
            100,
            [0.0, 0.0, 0.0],
            [0.50520621, 0.47816733, -0.52181227, -0.49379617]
        ],
        "right_elbow_link": [
            "RightForeArm",
            0,
            10,
            [0.0, 0.0, 0.0],
            [0.52129736, 0.54685025, -0.47770742, -0.44832966]
        ],
        "right_wrist_pitch_link": [
            "RightHand",
            0,
            10,
            [0.0, 0.0, 0.0],
            [0.47767844, 0.50569473, -0.52132392, -0.49428485]
        ]
    },
    "ik_match_table2": {
        "pelvis": [
            "Hips",
            100,
            100,
            [0.0, 0.0, 0.0],
            [0.5, 0.5, 0.5, 0.5]
        ],
        "left_hip_roll_link": [
            "LeftUpLeg",
            10,
            5,
            [0.0, 0.0, 0.0],
            [0.67441889, -0.67441889, -0.21250685, 0.21250685]
        ],
        "left_knee_link": [
            "LeftLeg",
            10,
            5,
            [0.0, 0.0, 0.0],
            [0.5, -0.5, -0.5, 0.5]
        ],
        "left_ankle_roll_link": [
            "LeftFootMod",
            100,
            10,
            [0.0, 0.0, 0.0],
            [0.67059768, -0.67059768, 0.22427384, -0.22427384]
        ],
        "right_hip_roll_link": [
            "RightUpLeg",
            10,
            5,
            [0.0, 0.0, 0.0],
            [0.67441889, -0.67441889, -0.21250685, 0.21250685]
        ],
        "right_knee_link": [
            "RightLeg",
            10,
            5,
            [0.0, 0.0, 0.0],
            [0.5, -0.5, -0.5, 0.5]
        ],
        "right_ankle_roll_link": [
            "RightFootMod",
            100,
            10,
            [0.0, 0.0, 0.0],
            [0.67059768, -0.67059768, 0.22427384, -0.22427384]
        ],
        "waist_pitch_link": [
            "Spine2",
            0,
            100,
            [0.0, 0.0, 0.0],
            [0.5, 0.5, 0.5, 0.5]
        ],
        "left_shoulder_yaw_link": [
            "LeftArm",
            5,
            100,
            [0.0, 0.0, 0.0],
            [0.47816703, 0.50520641, -0.49379647, -0.52181207]
        ],
        "left_elbow_link": [
            "LeftForeArm",
            10,
            50,
            [0.0, 0.0, 0.0],
            [0.54684994, 0.52129758, -0.44832949, -0.4777077]
        ],
        "left_wrist_pitch_link": [
            "LeftHand",
            0,
            10,
            [0.0, 0.0, 0.0],
            [0.50569437, 0.47767881, -0.4942845, -0.52132426]
        ],
        "right_shoulder_yaw_link": [
            "RightArm",
            5,
            100,
            [0.0, 0.0, 0.0],
            [0.50520621, 0.47816733, -0.52181227, -0.49379617]
        ],
        "right_elbow_link": [
            "RightForeArm",
            10,
            50,
            [0.0, 0.0, 0.0],
            [0.52129736, 0.54685025, -0.47770742, -0.44832966]
        ],
        "right_wrist_pitch_link": [
            "RightHand",
            0,
            10,
            [0.0, 0.0, 0.0],
            [0.47767844, 0.50569473, -0.52132392, -0.49428485]
        ]
    }
}
