{
    "robot_root_name": "pelvis",
    "human_root_name": "pelvis",
    "ground_height": 0.0,
    "human_height_assumption": 1.8,
    "use_ik_match_table1": true,
    "use_ik_match_table2": true,
    "human_scale_table": {
        "pelvis": 1.0,
        "spine3": 1.0,
        "left_hip": 1.0,
        "right_hip": 1.0,
        "left_knee": 1.0,
        "right_knee": 1.0,
        "left_foot": 1.0,
        "right_foot": 1.0,
        "left_shoulder": 0.7,
        "right_shoulder": 0.7,
        "left_elbow": 0.7,
        "right_elbow": 0.7,
        "left_wrist": 0.7,
        "right_wrist": 0.7
    },
    "ik_match_table1": {
        "pelvis": [
            "pelvis",
            100,
            10,
            [0.0, 0.0, 0.0],
            [0.5, -0.5, -0.5, -0.5]
        ],
        "left_hip_roll_link": [
            "left_hip",
            0,
            10,
            [0.0, 0.0, 0.0],
            [0.63894101, -0.30290987, -0.30290987, -0.63894101]
        ],
        "left_knee_link": [
            "left_knee",
            0,
            10,
            [0.0, 0.0, 0.0],
            [0.5, -0.5, -0.5, -0.5]
        ],
        "left_ankle_roll_link": [
            "left_foot",
            100,
            10,
            [0.0, 0.02, 0.0],
            [0.63276972, -0.31559861, -0.31559861, -0.63276972]
        ],
        "right_hip_roll_link": [
            "right_hip",
            0,
            10,
            [0.0, 0.0, 0.0],
            [0.63894101, -0.30290987, -0.30290987, -0.63894101]
        ],
        "right_knee_link": [
            "right_knee",
            0,
            10,
            [0.0, 0.0, 0.0],
            [0.5, -0.5, -0.5, -0.5]
        ],
        "right_ankle_roll_link": [
            "right_foot",
            100,
            10,
            [0.0, -0.02, 0.0],
            [0.63276972, -0.31559861, -0.31559861, -0.63276972]
        ],
        "waist_pitch_link": [
            "spine3",
            0,
            10,
            [0.0, 0.0, 0.0],
            [0.5, -0.5, -0.5, -0.5]
        ],
        "left_shoulder_yaw_link": [
            "left_shoulder",
            0,
            10,
            [0.0, 0.0, 0.0],
            [0.69535002, 0.01911973, -0.71814368, -0.01981002]
        ],
        "left_elbow_link": [
            "left_elbow",
            0,
            10,
            [0.0, 0.0, 0.0],
            [0.75529435, -0.01806824, -0.65480718, -0.02077353]
        ],
        "left_wrist_pitch_link": [
            "left_wrist",
            0,
            10,
            [0.0, 0.0, 0.0],
            [0.69534971, -0.0198096, -0.718144, -0.01911946]
        ],
        "right_shoulder_yaw_link": [
            "right_shoulder",
            0,
            10,
            [0.0, 0.0, 0.0],
            [0.01981037, -0.71814361, 0.01911938, -0.69535009]
        ],
        "right_elbow_link": [
            "right_elbow",
            0,
            10,
            [0.0, 0.0, 0.0],
            [0.02077321, -0.6548071, -0.01806863, -0.75529442]
        ],
        "right_wrist_pitch_link": [
            "right_wrist",
            0,
            10,
            [0.0, 0.0, 0.0],
            [0.01911875, -0.71814331, -0.0198103, -0.69535043]
        ]
    },
    "ik_match_table2": {
        "pelvis": [
            "pelvis",
            100,
            5,
            [0.0, 0.0, 0.0],
            [0.5, -0.5, -0.5, -0.5]
        ],
        "left_hip_roll_link": [
            "left_hip",
            10,
            5,
            [0.0, 0.0, 0.0],
            [0.63894101, -0.30290987, -0.30290987, -0.63894101]
        ],
        "left_knee_link": [
            "left_knee",
            10,
            5,
            [0.0, 0.0, 0.0],
            [0.5, -0.5, -0.5, -0.5]
        ],
        "left_ankle_roll_link": [
            "left_foot",
            100,
            50,
            [0.0, 0.0, 0.0],
            [0.63276972, -0.31559861, -0.31559861, -0.63276972]
        ],
        "right_hip_roll_link": [
            "right_hip",
            10,
            5,
            [0.0, 0.0, 0.0],
            [0.63894101, -0.30290987, -0.30290987, -0.63894101]
        ],
        "right_knee_link": [
            "right_knee",
            10,
            5,
            [0.0, 0.0, 0.0],
            [0.5, -0.5, -0.5, -0.5]
        ],
        "right_ankle_roll_link": [
            "right_foot",
            100,
            50,
            [0.0, 0.0, 0.0],
            [0.63276972, -0.31559861, -0.31559861, -0.63276972]
        ],
        "waist_pitch_link": [
            "spine3",
            0,
            10,
            [0.0, 0.0, 0.0],
            [0.5, -0.5, -0.5, -0.5]
        ],
        "left_shoulder_yaw_link": [
            "left_shoulder",
            10,
            5,
            [0.0, 0.0, 0.0],
            [0.69535002, 0.01911973, -0.71814368, -0.01981002]
        ],
        "left_elbow_link": [
            "left_elbow",
            10,
            5,
            [0.0, 0.0, 0.0],
            [0.75529435, -0.01806824, -0.65480718, -0.02077353]
        ],
        "left_wrist_pitch_link": [
            "left_wrist",
            10,
            5,
            [0.0, 0.0, 0.0],
            [0.69534971, -0.0198096, -0.718144, -0.01911946]
        ],
        "right_shoulder_yaw_link": [
            "right_shoulder",
            10,
            5,
            [0.0, 0.0, 0.0],
            [0.01981037, -0.71814361, 0.01911938, -0.69535009]
        ],
        "right_elbow_link": [
            "right_elbow",
            10,
            5,
            [0.0, 0.0, 0.0],
            [0.02077321, -0.6548071, -0.01806863, -0.75529442]
        ],
        "right_wrist_pitch_link": [
            "right_wrist",
            10,
            5,
            [0.0, 0.0, 0.0],
            [0.01911875, -0.71814331, -0.0198103, -0.69535043]
        ]
    }
}
